pet_id,pet_name
1,Buddy
2,Bella
3,Charlie
4,Luna
5,Max
6,Daisy
7,Rocky
8,Molly
9,Jack
10,Lucy
11,Toby
12,Ruby
13,Oscar
14,Lola
15,Milo
16,Zoe
17,Leo
18,Rosie
19,Sam
20,Sadie
21,Duke
22,Maggie
23,Zeus
24,Penny
25,Coco
26,Sasha
27,Bailey
28,Mia
29,Cooper
30,Ellie
31,Simba
32,Chloe
33,Diesel
34,Hazel
35,Bentley
36,Holly
37,Bruno
38,Nala
39,Buster
40,Abby
41,Chester
42,Ginger
43,Marley
44,Piper
45,Tank
46,Harley
47,Finn
48,Ivy
49,Shadow
50,Peanut
51,Remy
52,Skye
53,Ace
54,Raven
55,Rex
56,Olive
57,Blue
58,Poppy
59,Ranger
60,Trixie
61,Hunter
62,Millie
63,Thor
64,Bonnie
65,Moose
66,Sugar
67,Diesel
68,Cleo
69,Gus
70,Dolly
71,Loki
72,Layla
73,Spike
74,Maple
75,Archie
76,Sadie
77,Ollie
78,Cookie
79,Bear
80,Willow
81,Rocket
82,Angel
83,Jasper
84,Minnie
85,Scout
86,Kona
87,Boomer
88,Juno
89,Axel
90,Pixie
91,Porter
92,Mabel
93,Whiskey
94,Lulu
95,Chief
96,Mochi
97,Chico
98,Bambi
99,Hank
100,Dotty
